<!-- See documentation at http://doc.nuxeo.com/x/IgIz -->
<install>
  
   <update file="${package.root}/install/bundles" todir="${env.bundles}" />
  
   <update file="${package.root}/install/lib" todir="${env.lib}" />
    <delete file="${env.home}/bundles/nuxeo-connect-client-1.4.16.jar" />
  <delete file="${env.home}/lib/org.eclipse.core.jobs-3.5.0.v20100515.jar" />
  <delete file="${env.home}/lib/org.eclipse.equinox.common-3.6.0.v20100503.jar" />
  <delete file="${env.home}/lib/org.eclipse.equinox.p2.cudf-1.17-NX.jar" />
  <delete file="${env.home}/lib/org.sat4j.core-2.3.1.jar" />
  <delete file="${env.home}/lib/org.sat4j.pb-2.3.1.jar" />

  
   <copy file="${package.root}/install/artifacts-birt.properties"
     todir="${env.server.home}/sdk" overwrite="true" />
   <copy file="${package.root}/install/test-artifacts-birt.properties"
     todir="${env.server.home}/sdk" overwrite="true" />
  
</install>
